rank,country,year,revenue,lat,long,continent,revenue_norm,rev_norm,rev_b,population,
91,Bolivia,2019,14,-16.290154,-63.588653,South America,0.024,"1,207",0.014,0.116,
91,Bolivia,2020,18,-16.290154,-63.588653,South America,0.034,"1,552",0.018,0.116,
92,Ethiopia,2019,23,9.145,40.489673,Africa,0.047,"2,001",0.023,0.1150,
91,Bolivia,2021,24,-16.290154,-63.588653,South America,0.050,"2,069",0.024,0.116,
92,Ethiopia,2021,24,9.145,40.489673,Africa,0.050,"2,088",0.024,0.1150,
92,Ethiopia,2022,25,9.145,40.489673,Africa,0.053,"2,175",0.025,0.1150,
91,Bolivia,2022,26,-16.290154,-63.588653,South America,0.055,"2,241",0.026,0.116,
92,Ethiopia,2020,26,9.145,40.489673,Africa,0.055,"2,262",0.026,0.1150,
100,Angola,2019,9,-11.202692,17.873887,Africa,0.011,"2,744",0.009,0.0328,
97,Kenya,2019,16,-0.023559,37.906193,Africa,0.029,"2,976",0.016,0.0538,
55,Bangladesh,2019,51,23.684994,90.356331,Asia,0.121,"3,098",0.051,0.1646,
51,Pakistan,2019,90,30.375321,69.345116,Asia,0.224,"4,074",0.09,0.2209,
16,India,2019,592,20.593684,78.96288,Asia,1.547,"4,177",0.592,1.4172,
100,Angola,2020,14,-11.202692,17.873887,Africa,0.024,"4,268",0.014,0.0328,
97,Kenya,2022,23,-0.023559,37.906193,Africa,0.047,"4,277",0.023,0.0538,
100,Angola,2021,15,-11.202692,17.873887,Africa,0.026,"4,573",0.015,0.0328,
97,Kenya,2021,25,-0.023559,37.906193,Africa,0.053,"4,649",0.025,0.0538,
55,Bangladesh,2020,77,23.684994,90.356331,Asia,0.190,"4,678",0.077,0.1646,
98,Ghana,2019,17,7.946527,-1.023194,Africa,0.032,"5,471",0.017,0.0311,
97,Kenya,2020,30,-0.023559,37.906193,Africa,0.066,"5,579",0.03,0.0538,
16,India,2020,819,20.593684,78.96288,Asia,2.145,"5,779",0.819,1.4172,
53,Nigeria,2022,122,9.081999,8.675277,Africa,0.308,"5,918",0.122,0.2061,
51,Pakistan,2022,131,30.375321,69.345116,Asia,0.332,"5,930",0.131,0.2209,
51,Pakistan,2020,134,30.375321,69.345116,Asia,0.340,"6,066",0.134,0.2209,
100,Angola,2022,20,-11.202692,17.873887,Africa,0.040,"6,098",0.02,0.0328,
55,Bangladesh,2022,108,23.684994,90.356331,Asia,0.271,"6,561",0.108,0.1646,
98,Ghana,2020,21,7.946527,-1.023194,Africa,0.042,"6,758",0.021,0.0311,
98,Ghana,2022,22,7.946527,-1.023194,Africa,0.045,"7,080",0.022,0.0311,
53,Nigeria,2020,148,9.081999,8.675277,Africa,0.377,"7,180",0.148,0.2061,
53,Nigeria,2021,150,9.081999,8.675277,Africa,0.382,"7,277",0.15,0.2061,
16,India,2022,"1,105",20.593684,78.96288,Asia,2.899,"7,797",1.105,1.4172,
98,Ghana,2021,25,7.946527,-1.023194,Africa,0.053,"8,046",0.025,0.0311,
51,Pakistan,2021,179,30.375321,69.345116,Asia,0.459,"8,103",0.179,0.2209,
16,India,2021,"1,169",20.593684,78.96288,Asia,3.068,"8,249",1.169,1.4172,
53,Nigeria,2019,186,9.081999,8.675277,Africa,0.477,"9,023",0.186,0.2061,
55,Bangladesh,2021,150,23.684994,90.356331,Asia,0.382,"9,113",0.15,0.1646,
64,Myanmar,2019,56,21.913965,95.956223,Asia,0.134,"10,292",0.056,0.0544,
78,Sri Lanka,2019,26,7.873054,80.771797,Asia,0.055,"12,142",0.026,0.0214,
57,Iraq,2019,50,33.223191,43.679291,Asia,0.119,"12,431",0.05,0.0402,
101,Georgia,2019,5,42.315407,43.356892,Europe,0.000,"12,534",0.005,0.0040,
74,Uzbekistan,2019,46,41.377491,64.585262,Asia,0.108,"13,744",0.046,0.0335,
64,Myanmar,2022,76,21.913965,95.956223,Asia,0.187,"13,968",0.076,0.0544,
78,Sri Lanka,2020,32,7.873054,80.771797,Asia,0.071,"14,944",0.032,0.0214,
74,Uzbekistan,2022,52,41.377491,64.585262,Asia,0.124,"15,537",0.052,0.0335,
64,Myanmar,2020,90,21.913965,95.956223,Asia,0.224,"16,541",0.09,0.0544,
40,Egypt,2019,170,26.820553,30.802498,Africa,0.435,"16,612",0.17,0.1023,
74,Uzbekistan,2020,56,41.377491,64.585262,Asia,0.134,"16,732",0.056,0.0335,
77,Cambodia,2019,28,12.565679,104.990963,Asia,0.061,"16,766",0.028,0.0167,
78,Sri Lanka,2021,37,7.873054,80.771797,Asia,0.084,"17,279",0.037,0.0214,
74,Uzbekistan,2021,62,41.377491,64.585262,Asia,0.150,"18,524",0.062,0.0335,
43,South Africa,2019,112,-30.559482,22.937506,Africa,0.282,"18,884",0.112,0.0593,
52,Morocco,2019,70,31.791702,-7.09262,Africa,0.171,"18,965",0.07,0.0369,
84,Guatemala,2022,34,15.783471,-90.230759,North America,0.076,"18,978",0.034,0.0179,
89,Paraguay,2019,14,-23.442503,-58.443832,South America,0.024,"19,628",0.014,0.0071,
57,Iraq,2020,79,33.223191,43.679291,Asia,0.195,"19,641",0.079,0.0402,
64,Myanmar,2021,108,21.913965,95.956223,Asia,0.271,"19,849",0.108,0.0544,
43,South Africa,2020,118,-30.559482,22.937506,Africa,0.298,"19,896",0.118,0.0593,
40,Egypt,2020,205,26.820553,30.802498,Africa,0.527,"20,032",0.205,0.1023,
86,Cuba,2019,23,21.521757,-77.781167,North America,0.047,"20,354",0.023,0.0113,
89,Paraguay,2020,15,-23.442503,-58.443832,South America,0.026,"21,030",0.015,0.0071,
56,Algeria,2019,94,28.033886,1.659626,Africa,0.235,"21,461",0.094,0.0438,
17,Indonesia,2019,598,-0.789275,113.921327,Asia,1.563,"21,863",0.598,0.2735,
78,Sri Lanka,2022,47,7.873054,80.771797,Asia,0.111,"21,949",0.047,0.0214,
80,Tunisia,2019,26,33.886917,9.537499,Africa,0.055,"21,999",0.026,0.0118,
40,Egypt,2022,233,26.820553,30.802498,Africa,0.601,"22,768",0.233,0.1023,
52,Morocco,2020,86,31.791702,-7.09262,Africa,0.213,"23,300",0.086,0.0369,
69,Jordan,2019,24,30.585164,36.238414,Asia,0.050,"23,522",0.024,0.0102,
29,Philippines,2019,260,12.879721,121.774017,Asia,0.672,"23,727",0.26,0.1096,
56,Algeria,2020,104,28.033886,1.659626,Africa,0.261,"23,744",0.104,0.0438,
56,Algeria,2022,107,28.033886,1.659626,Africa,0.269,"24,429",0.107,0.0438,
84,Guatemala,2019,44,15.783471,-90.230759,North America,0.103,"24,560",0.044,0.0179,
86,Cuba,2020,28,21.521757,-77.781167,North America,0.061,"24,779",0.028,0.0113,
84,Guatemala,2020,46,15.783471,-90.230759,North America,0.108,"25,676",0.046,0.0179,
57,Iraq,2022,105,33.223191,43.679291,Asia,0.264,"26,105",0.105,0.0402,
77,Cambodia,2020,44,12.565679,104.990963,Asia,0.103,"26,347",0.044,0.0167,
86,Cuba,2021,30,21.521757,-77.781167,North America,0.066,"26,549",0.03,0.0113,
57,Iraq,2021,108,33.223191,43.679291,Asia,0.271,"26,851",0.108,0.0402,
80,Tunisia,2020,32,33.886917,9.537499,Africa,0.071,"27,076",0.032,0.0118,
84,Guatemala,2021,49,15.783471,-90.230759,North America,0.116,"27,351",0.049,0.0179,
40,Egypt,2021,287,26.820553,30.802498,Africa,0.743,"28,045",0.287,0.1023,
52,Morocco,2021,106,31.791702,-7.09262,Africa,0.266,"28,718",0.106,0.0369,
77,Cambodia,2022,48,12.565679,104.990963,Asia,0.113,"28,743",0.048,0.0167,
27,Vietnam,2019,280,14.058324,108.277199,Asia,0.725,"28,766",0.28,0.0973,
86,Cuba,2022,33,21.521757,-77.781167,North America,0.074,"29,204",0.033,0.0113,
80,Tunisia,2021,35,33.886917,9.537499,Africa,0.079,"29,614",0.035,0.0118,
101,Georgia,2020,12,42.315407,43.356892,Europe,0.018,"30,081",0.012,0.0040,
50,Peru,2019,103,-9.189967,-75.015152,South America,0.258,"31,239",0.103,0.0330,
56,Algeria,2021,138,28.033886,1.659626,Africa,0.351,"31,507",0.138,0.0438,
43,South Africa,2021,187,-30.559482,22.937506,Africa,0.480,"31,530",0.187,0.0593,
17,Indonesia,2020,882,-0.789275,113.921327,Asia,2.312,"32,246",0.882,0.2735,
89,Paraguay,2021,23,-23.442503,-58.443832,South America,0.047,"32,247",0.023,0.0071,
65,Ecuador,2019,57,-1.831239,-78.183406,South America,0.137,"32,307",0.057,0.0176,
29,Philippines,2020,355,12.879721,121.774017,Asia,0.923,"32,396",0.355,0.1096,
26,Iran,2019,287,32.427908,53.688046,Asia,0.743,"34,170",0.287,0.0840,
52,Morocco,2022,129,31.791702,-7.09262,Africa,0.327,"34,949",0.129,0.0369,
101,Georgia,2021,14,42.315407,43.356892,Europe,0.024,"35,095",0.014,0.0040,
43,South Africa,2022,216,-30.559482,22.937506,Africa,0.556,"36,420",0.216,0.0593,
46,Ukraine,2019,160,48.379433,31.16558,Europe,0.409,"36,585",0.16,0.0437,
80,Tunisia,2022,44,33.886917,9.537499,Africa,0.103,"37,229",0.044,0.0118,
27,Vietnam,2020,367,14.058324,108.277199,Asia,0.954,"37,703",0.367,0.0973,
89,Paraguay,2022,27,-23.442503,-58.443832,South America,0.058,"37,855",0.027,0.0071,
99,Albania,2019,11,41.153332,20.168331,Europe,0.016,"39,286",0.011,0.0028,
17,Indonesia,2022,"1,084",-0.789275,113.921327,Asia,2.844,"39,631",1.084,0.2735,
46,Ukraine,2022,179,48.379433,31.16558,Europe,0.459,"40,929",0.179,0.0437,
17,Indonesia,2021,"1,130",-0.789275,113.921327,Asia,2.965,"41,313",1.13,0.2735,
65,Ecuador,2020,73,-1.831239,-78.183406,South America,0.179,"41,376",0.073,0.0176,
50,Peru,2020,138,-9.189967,-75.015152,South America,0.351,"41,854",0.138,0.0330,
29,Philippines,2022,461,12.879721,121.774017,Asia,1.202,"42,069",0.461,0.1096,
65,Ecuador,2022,75,-1.831239,-78.183406,South America,0.185,"42,510",0.075,0.0176,
69,Jordan,2020,44,30.585164,36.238414,Asia,0.103,"43,124",0.044,0.0102,
29,Philippines,2021,478,12.879721,121.774017,Asia,1.247,"43,621",0.478,0.1096,
77,Cambodia,2021,73,12.565679,104.990963,Asia,0.179,"43,713",0.073,0.0167,
88,Panama,2019,19,8.537981,-80.782127,North America,0.037,"44,035",0.019,0.0043,
46,Ukraine,2020,195,48.379433,31.16558,Europe,0.501,"44,588",0.195,0.0437,
101,Georgia,2022,18,42.315407,43.356892,Europe,0.034,"45,122",0.018,0.0040,
36,Colombia,2019,230,4.570868,-74.297333,South America,0.593,"45,276",0.23,0.0508,
50,Peru,2022,152,-9.189967,-75.015152,South America,0.387,"46,100",0.152,0.0330,
27,Vietnam,2022,472,14.058324,108.277199,Asia,1.231,"48,491",0.472,0.0973,
75,Bulgaria,2019,34,42.733883,25.48583,Europe,0.076,"49,275",0.034,0.0069,
46,Ukraine,2021,217,48.379433,31.16558,Europe,0.559,"49,618",0.217,0.0437,
27,Vietnam,2021,490,14.058324,108.277199,Asia,1.278,"50,340",0.49,0.0973,
65,Ecuador,2021,89,-1.831239,-78.183406,South America,0.221,"50,445",0.089,0.0176,
26,Iran,2020,424,32.427908,53.688046,Asia,1.104,"50,480",0.424,0.0840,
50,Peru,2021,169,-9.189967,-75.015152,South America,0.432,"51,256",0.169,0.0330,
59,Lebanon,2019,35,33.854721,35.862285,Asia,0.079,"51,279",0.035,0.0068,
76,Lithuania,2019,14,55.169438,23.881275,Europe,0.024,"51,427",0.014,0.0027,
72,Dominican Republic,2022,57,18.735693,-70.162651,North America,0.137,"52,545",0.057,0.0108,
60,Azerbaijan,2019,58,40.143105,47.576927,Europe,0.140,"52,727",0.058,0.011,
83,Costa Rica,2019,27,9.748917,-83.753428,North America,0.058,"52,941",0.027,0.0051,
96,Armenia,2020,16,40.069099,45.038189,Asia,0.029,"54,054",0.016,0.00296,
69,Jordan,2021,57,30.585164,36.238414,Asia,0.137,"55,865",0.057,0.0102,
36,Colombia,2020,291,4.570868,-74.297333,South America,0.754,"57,283",0.291,0.0508,
88,Panama,2020,25,8.537981,-80.782127,North America,0.053,"57,941",0.025,0.0043,
26,Iran,2022,487,32.427908,53.688046,Asia,1.270,"57,981",0.487,0.0840,
93,Bosnia and Herzegovina,2019,19,43.915886,17.679076,Europe,0.037,"59,375",0.019,0.0032,
72,Dominican Republic,2019,65,18.735693,-70.162651,North America,0.158,"59,919",0.065,0.0108,
102,Venezuela,2019,172,6.42375,-66.58973,South America,0.440,"60,487",0.172,0.0284,
99,Albania,2021,17,41.153332,20.168331,Europe,0.032,"60,714",0.017,0.0028,
83,Costa Rica,2020,31,9.748917,-83.753428,North America,0.069,"60,784",0.031,0.0051,
13,Brazil ,2020,"1,324",-14.235004,-51.92528,South America,3.477,"62,306",1.324,0.2125,
75,Bulgaria,2020,43,42.733883,25.48583,Europe,0.100,"62,319",0.043,0.0069,
76,Lithuania,2020,17,55.169438,23.881275,Europe,0.032,"62,447",0.017,0.0027,
88,Panama,2022,27,8.537981,-80.782127,North America,0.058,"62,576",0.027,0.0043,
36,Colombia,2022,322,4.570868,-74.297333,South America,0.836,"63,386",0.322,0.0508,
69,Jordan,2022,66,30.585164,36.238414,Asia,0.161,"64,686",0.066,0.0102,
36,Colombia,2021,335,4.570868,-74.297333,South America,0.870,"65,945",0.335,0.0508,
67,Belarus,2019,62,53.709807,27.953389,Europe,0.150,"65,957",0.062,0.0094,
102,Venezuela,2020,189,6.42375,-66.58973,South America,0.485,"66,465",0.189,0.0284,
102,Venezuela,2021,190,6.42375,-66.58973,South America,0.488,"66,817",0.19,0.0284,
13,Brazil ,2019,"1,439",-14.235004,-51.92528,South America,3.780,"67,718",1.439,0.2125,
47,Romania,2019,131,45.943161,24.96676,Europe,0.332,"68,095",0.131,0.0192,
75,Bulgaria,2021,47,42.733883,25.48583,Europe,0.111,"68,116",0.047,0.0069,
13,Brazil ,2022,"1,452",-14.235004,-51.92528,South America,3.814,"68,329",1.452,0.2125,
66,Serbia,2019,60,44.016521,21.005859,Europe,0.145,"68,671",0.06,0.0087,
93,Bosnia and Herzegovina,2020,22,43.915886,17.679076,Europe,0.045,"68,750",0.022,0.0032,
13,Brazil ,2021,"1,484",-14.235004,-51.92528,South America,3.898,"69,835",1.484,0.2125,
60,Azerbaijan,2020,77,40.143105,47.576927,Europe,0.190,"70,000",0.077,0.011,
73,Oman,2019,36,21.512583,55.923255,Asia,0.082,"70,497",0.036,0.0051,
102,Venezuela,2022,201,6.42375,-66.58973,South America,0.517,"70,685",0.201,0.0284,
26,Iran,2021,602,32.427908,53.688046,Asia,1.574,"71,673",0.602,0.0840,
103,North Macedonia,2019,15,41.608635,21.745275,Europe,0.026,"71,999",0.015,0.0021,
19,Thailand,2019,510,15.870032,100.992541,Asia,1.331,"73,066",0.51,0.0698,
59,Lebanon,2020,50,33.854721,35.862285,Asia,0.119,"73,255",0.05,0.0068,
67,Belarus,2022,69,53.709807,27.953389,Europe,0.169,"73,404",0.069,0.0094,
88,Panama,2021,32,8.537981,-80.782127,North America,0.071,"74,164",0.032,0.0043,
42,Chile,2019,142,-35.675147,-71.542969,South America,0.361,"74,346",0.142,0.0191,
72,Dominican Republic,2020,81,18.735693,-70.162651,North America,0.200,"74,669",0.081,0.0108,
79,Uruguay,2019,26,-32.522779,-55.765835,South America,0.055,"74,847",0.026,0.0035,
93,Bosnia and Herzegovina,2021,24,43.915886,17.679076,Europe,0.050,"75,000",0.024,0.0032,
93,Bosnia and Herzegovina,2022,24,43.915886,17.679076,Europe,0.050,"75,000",0.024,0.0032,
75,Bulgaria,2022,52,42.733883,25.48583,Europe,0.124,"75,362",0.052,0.0069,
44,Kazakhstan,2019,145,48.019573,66.923684,Europe,0.369,"77,223",0.145,0.0188,
60,Azerbaijan,2022,85,40.143105,47.576927,Europe,0.211,"77,273",0.085,0.011,
67,Belarus,2020,73,53.709807,27.953389,Europe,0.179,"77,660",0.073,0.0094,
96,Armenia,2022,23,40.069099,45.038189,Asia,0.047,"77,703",0.023,0.00296,
30,Argentina,2019,351,-38.416097,-63.616672,South America,0.912,"77,827",0.351,0.0451,
99,Albania,2022,22,41.153332,20.168331,Europe,0.045,"78,571",0.022,0.0028,
60,Azerbaijan,2021,88,40.143105,47.576927,Europe,0.219,"80,000",0.088,0.011,
18,Turkey,2019,685,38.963745,35.243322,Europe,1.792,"81,220",0.685,0.0843,
72,Dominican Republic,2021,89,18.735693,-70.162651,North America,0.221,"82,043",0.089,0.0108,
99,Albania,2020,23,41.153332,20.168331,Europe,0.047,"82,143",0.023,0.0028,
83,Costa Rica,2022,42,9.748917,-83.753428,North America,0.098,"82,353",0.042,0.0051,
66,Serbia,2022,74,44.016521,21.005859,Europe,0.182,"84,694",0.074,0.0087,
47,Romania,2020,163,45.943161,24.96676,Europe,0.416,"84,730",0.163,0.0192,
59,Lebanon,2021,58,33.854721,35.862285,Asia,0.140,"84,976",0.058,0.0068,
19,Thailand,2020,600,15.870032,100.992541,Asia,1.568,"85,960",0.6,0.0698,
79,Uruguay,2020,30,-32.522779,-55.765835,South America,0.066,"86,362",0.03,0.0035,
44,Kazakhstan,2020,164,48.019573,66.923684,Europe,0.419,"87,342",0.164,0.0188,
96,Armenia,2021,26,40.069099,45.038189,Asia,0.055,"87,838",0.026,0.00296,
66,Serbia,2020,77,44.016521,21.005859,Europe,0.190,"88,127",0.077,0.0087,
83,Costa Rica,2021,45,9.748917,-83.753428,North America,0.105,"88,235",0.045,0.0051,
11,Russia,2019,"1,322",61.52401,105.318756,Europe,3.471,"90,589",1.322,0.1459,
103,North Macedonia,2020,19,41.608635,21.745275,Europe,0.037,"91,198",0.019,0.0021,
47,Romania,2022,176,45.943161,24.96676,Europe,0.451,"91,487",0.176,0.0192,
67,Belarus,2021,86,53.709807,27.953389,Europe,0.213,"91,489",0.086,0.0094,
18,Turkey,2020,774,38.963745,35.243322,Europe,2.027,"91,772",0.774,0.0843,
30,Argentina,2020,420,-38.416097,-63.616672,South America,1.094,"93,126",0.42,0.0451,
66,Serbia,2021,82,44.016521,21.005859,Europe,0.203,"93,850",0.082,0.0087,
12,Mexico,2019,"1,218",23.634501,-102.552784,North America,3.197,"94,468",1.218,0.1289,
42,Chile,2020,181,-35.675147,-71.542969,South America,0.464,"94,764",0.181,0.0191,
44,Kazakhstan,2021,179,48.019573,66.923684,Europe,0.459,"95,331",0.179,0.0188,
19,Thailand,2022,667,15.870032,100.992541,Asia,1.745,"95,559",0.667,0.0698,
47,Romania,2021,184,45.943161,24.96676,Europe,0.472,"95,646",0.184,0.0192,
70,Croatia,2019,40,45.1,15.2,Europe,0.092,"97,561",0.04,0.0041,
96,Armenia,2019,29,40.069099,45.038189,Asia,0.063,"97,973",0.029,0.00296,
94,Estonia,2021,13,58.595272,25.013607,Europe,0.021,"98,000",0.013,0.0013,
19,Thailand,2021,692,15.870032,100.992541,Asia,1.811,"99,140",0.692,0.0698,
30,Argentina,2022,448,-38.416097,-63.616672,South America,1.168,"99,335",0.448,0.0451,
54,Hungary,2019,97,47.162494,19.503304,Europe,0.242,"100,410",0.097,0.0097,
103,North Macedonia,2021,21,41.608635,21.745275,Europe,0.042,"100,798",0.021,0.0021,
30,Argentina,2021,456,-38.416097,-63.616672,South America,1.189,"101,109",0.456,0.0451,
18,Turkey,2022,853,38.963745,35.243322,Europe,2.235,"101,139",0.853,0.0843,
18,Turkey,2021,878,38.963745,35.243322,Europe,2.301,"104,104",0.878,0.0843,
11,Russia,2020,"1,531",61.52401,105.318756,Europe,4.022,"104,910",1.531,0.1459,
73,Oman,2022,54,21.512583,55.923255,Asia,0.129,"105,745",0.054,0.0051,
79,Uruguay,2021,37,-32.522779,-55.765835,South America,0.084,"106,514",0.037,0.0035,
76,Lithuania,2021,29,55.169438,23.881275,Europe,0.063,"106,528",0.029,0.0027,
42,Chile,2021,205,-35.675147,-71.542969,South America,0.527,"107,330",0.205,0.0191,
31,Israel,2019,93,31.046051,34.851612,Asia,0.232,"107,446",0.093,0.0087,
48,Greece,2019,112,39.074208,21.824312,Europe,0.282,"107,454",0.112,0.0104,
12,Mexico,2020,"1,418",23.634501,-102.552784,North America,3.724,"109,980",1.418,0.1289,
44,Kazakhstan,2022,207,48.019573,66.923684,Europe,0.532,"110,243",0.207,0.0188,
11,Russia,2022,"1,657",61.52401,105.318756,Europe,4.354,"113,544",1.657,0.1459,
23,Poland,2019,431,51.919438,19.145136,Europe,1.123,"113,881",0.431,0.0378,
11,Russia,2021,"1,669",61.52401,105.318756,Europe,4.386,"114,366",1.669,0.1459,
54,Hungary,2020,114,47.162494,19.503304,Europe,0.287,"118,008",0.114,0.0097,
70,Croatia,2020,50,45.1,15.2,Europe,0.119,"121,951",0.05,0.0041,
12,Mexico,2022,"1,577",23.634501,-102.552784,North America,4.143,"122,312",1.577,0.1289,
49,Czech Republic,2019,131,49.817492,15.472962,Europe,0.332,"122,327",0.131,0.0107,
42,Chile,2022,234,-35.675147,-71.542969,South America,0.604,"122,513",0.234,0.0191,
54,Hungary,2022,119,47.162494,19.503304,Europe,0.300,"123,184",0.119,0.0097,
62,Slovakia,2019,68,48.669026,19.699024,Europe,0.166,"124,550",0.068,0.0055,
12,Mexico,2021,"1,606",23.634501,-102.552784,North America,4.220,"124,561",1.606,0.1289,
103,North Macedonia,2022,26,41.608635,21.745275,Europe,0.055,"124,798",0.026,0.0021,
87,Latvia,2019,24,56.879635,24.603189,Europe,0.050,"127,240",0.024,0.0019,
63,New Zealand,2019,62,-40.900557,174.885971,Oceania,0.150,"128,571",0.062,0.0048,
79,Uruguay,2022,45,-32.522779,-55.765835,South America,0.105,"129,544",0.045,0.0035,
81,Slovenia,2019,27,46.151241,14.995463,Europe,0.058,"129,874",0.027,0.0021,
23,Poland,2020,504,51.919438,19.145136,Europe,1.315,"133,169",0.504,0.0378,
54,Hungary,2021,129,47.162494,19.503304,Europe,0.327,"133,536",0.129,0.0097,
70,Croatia,2021,55,45.1,15.2,Europe,0.132,"134,146",0.055,0.0041,
48,Greece,2020,142,39.074208,21.824312,Europe,0.361,"136,236",0.142,0.0104,
73,Oman,2020,72,21.512583,55.923255,Asia,0.177,"140,993",0.072,0.0051,
31,Israel,2020,123,31.046051,34.851612,Asia,0.311,"142,106",0.123,0.0087,
23,Poland,2022,541,51.919438,19.145136,Europe,1.413,"142,945",0.541,0.0378,
87,Latvia,2022,27,56.879635,24.603189,Europe,0.058,"143,145",0.027,0.0019,
49,Czech Republic,2020,154,49.817492,15.472962,Europe,0.393,"143,805",0.154,0.0107,
23,Poland,2021,546,51.919438,19.145136,Europe,1.426,"144,267",0.546,0.0378,
62,Slovakia,2020,79,48.669026,19.699024,Europe,0.195,"144,698",0.079,0.0055,
22,Saudi Arabia,2019,508,23.885942,45.079162,Asia,1.326,"145,919",0.508,0.0348,
70,Croatia,2022,60,45.1,15.2,Europe,0.145,"146,341",0.06,0.0041,
49,Czech Republic,2021,157,49.817492,15.472962,Europe,0.401,"146,606",0.157,0.0107,
49,Czech Republic,2022,157,49.817492,15.472962,Europe,0.401,"146,606",0.157,0.0107,
48,Greece,2021,154,39.074208,21.824312,Europe,0.393,"147,749",0.154,0.0104,
62,Slovakia,2021,81,48.669026,19.699024,Europe,0.200,"148,361",0.081,0.0055,
62,Slovakia,2022,81,48.669026,19.699024,Europe,0.200,"148,361",0.081,0.0055,
63,New Zealand,2020,72,-40.900557,174.885971,Oceania,0.177,"149,308",0.072,0.0048,
59,Lebanon,2022,102,33.854721,35.862285,Asia,0.256,"149,441",0.102,0.0068,
94,Estonia,2019,20,58.595272,25.013607,Europe,0.040,"150,769",0.02,0.0013,
82,Bahrain,2019,26,25.930414,50.637772,Asia,0.055,"152,941",0.026,0.0017,
87,Latvia,2020,29,56.879635,24.603189,Europe,0.063,"153,748",0.029,0.0019,
21,Malaysia,2019,508,4.210484,101.975766,Asia,1.326,"156,955",0.508,0.0324,
63,New Zealand,2021,77,-40.900557,174.885971,Oceania,0.190,"159,677",0.077,0.0048,
63,New Zealand,2022,77,-40.900557,174.885971,Oceania,0.190,"159,677",0.077,0.0048,
68,Puerto Rico,2020,46,18.220833,-66.590149,North America,0.108,"160,791",0.046,0.0029,
31,Israel,2021,142,31.046051,34.851612,Asia,0.361,"164,057",0.142,0.0087,
48,Greece,2022,171,39.074208,21.824312,Europe,0.438,"164,059",0.171,0.0104,
22,Saudi Arabia,2022,577,23.885942,45.079162,Asia,1.508,"165,739",0.577,0.0348,
81,Slovenia,2020,35,46.151241,14.995463,Europe,0.079,"168,355",0.035,0.0021,
1,China,2019,"24,271",35.86166,104.195397,Asia,63.959,"168,666",24.271,1.439,
95,Macau,2019,11,22.198745,113.543873,Asia,0.016,"169,404",0.011,0.00065,
73,Oman,2021,90,21.512583,55.923255,Asia,0.224,"176,242",0.09,0.0051,
82,Bahrain,2020,30,25.930414,50.637772,Asia,0.066,"176,471",0.03,0.0017,
94,Estonia,2022,24,58.595272,25.013607,Europe,0.050,"180,922",0.024,0.0013,
68,Puerto Rico,2021,52,18.220833,-66.590149,North America,0.124,"181,764",0.052,0.0029,
21,Malaysia,2020,589,4.210484,101.975766,Asia,1.539,"181,981",0.589,0.0324,
22,Saudi Arabia,2020,645,23.885942,45.079162,Asia,1.687,"185,271",0.645,0.0348,
87,Latvia,2021,35,56.879635,24.603189,Europe,0.079,"185,558",0.035,0.0019,
76,Lithuania,2022,52,55.169438,23.881275,Europe,0.124,"191,016",0.052,0.0027,
21,Malaysia,2022,633,4.210484,101.975766,Asia,1.655,"195,576",0.633,0.0324,
68,Puerto Rico,2019,56,18.220833,-66.590149,North America,0.134,"195,746",0.056,0.0029,
94,Estonia,2020,26,58.595272,25.013607,Europe,0.055,"195,999",0.026,0.0013,
81,Slovenia,2021,42,46.151241,14.995463,Europe,0.098,"202,026",0.042,0.0021,
21,Malaysia,2021,654,4.210484,101.975766,Asia,1.711,"202,064",0.654,0.0324,
81,Slovenia,2022,43,46.151241,14.995463,Europe,0.100,"206,836",0.043,0.0021,
90,Cyprus,2022,26,35.126413,33.429859,Europe,0.055,"215,346",0.026,0.0012,
20,Netherlands,2020,370,52.132633,5.291266,Europe,0.962,"215,934",0.37,0.0171,
82,Bahrain,2021,37,25.930414,50.637772,Asia,0.084,"217,647",0.037,0.0017,
22,Saudi Arabia,2021,761,23.885942,45.079162,Asia,1.993,"218,591",0.761,0.0348,
90,Cyprus,2019,27,35.126413,33.429859,Europe,0.058,"223,629",0.027,0.0012,
58,Kuwait,2019,96,29.31166,47.481766,Asia,0.240,"224,794",0.096,0.0043,
1,China,2020,"32,536",35.86166,104.195397,Asia,85.743,"226,101",32.536,1.439,
39,Portugal,2022,237,39.399872,-8.224454,Europe,0.611,"232,428",0.237,0.0102,
68,Puerto Rico,2022,67,18.220833,-66.590149,North America,0.163,"234,196",0.067,0.0029,
35,United Arab Emirates,2019,233,23.424076,53.847818,Asia,0.601,"235,582",0.233,0.0099,
1,China,2021,"34,400",35.86166,104.195397,Asia,90.656,"239,055",34.4,1.439,
39,Portugal,2019,244,39.399872,-8.224454,Europe,0.630,"239,293",0.244,0.0102,
25,Hong Kong,2019,180,22.396428,114.109497,Asia,0.461,"240,097",0.18,0.0075,
58,Kuwait,2022,105,29.31166,47.481766,Asia,0.264,"245,869",0.105,0.0043,
82,Bahrain,2022,42,25.930414,50.637772,Asia,0.098,"247,059",0.042,0.0017,
1,China,2022,"37,945",35.86166,104.195397,Asia,100.000,"263,690",37.945,1.439,
39,Portugal,2020,270,39.399872,-8.224454,Europe,0.698,"264,791",0.27,0.0102,
33,Belgium,2019,306,50.503887,4.469936,Europe,0.793,"266,087",0.306,0.0115,
58,Kuwait,2020,117,29.31166,47.481766,Asia,0.295,"273,968",0.117,0.0043,
39,Portugal,2021,283,39.399872,-8.224454,Europe,0.733,"277,541",0.283,0.0102,
35,United Arab Emirates,2020,276,23.424076,53.847818,Asia,0.714,"279,058",0.276,0.0099,
105,Brunei,2019,12,4.535277,114.727669,Asia,0.018,"279,070",0.012,0.00043,
10,Italy,2019,"1,721",41.87194,12.56738,Europe,4.523,"284,642",1.721,0.0605,
33,Belgium,2020,332,50.503887,4.469936,Europe,0.862,"288,696",0.332,0.0115,
95,Macau,2021,19,22.198745,113.543873,Asia,0.037,"292,607",0.019,0.00065,
61,Qatar,2022,85,25.354826,51.183884,Asia,0.211,"295,031",0.085,0.0029,
58,Kuwait,2021,126,29.31166,47.481766,Asia,0.319,"295,043",0.126,0.0043,
90,Cyprus,2020,36,35.126413,33.429859,Europe,0.082,"298,171",0.036,0.0012,
90,Cyprus,2021,36,35.126413,33.429859,Europe,0.082,"298,171",0.036,0.0012,
20,Netherlands,2019,524,52.132633,5.291266,Europe,1.368,"305,809",0.524,0.0171,
33,Belgium,2021,353,50.503887,4.469936,Europe,0.917,"306,957",0.353,0.0115,
10,Italy,2020,"1,881",41.87194,12.56738,Europe,4.945,"311,105",1.881,0.0605,
35,United Arab Emirates,2021,313,23.424076,53.847818,Asia,0.812,"316,468",0.313,0.0099,
33,Belgium,2022,378,50.503887,4.469936,Europe,0.983,"328,696",0.378,0.0115,
10,Italy,2021,"2,017",41.87194,12.56738,Europe,5.303,"333,599",2.017,0.0605,
35,United Arab Emirates,2022,342,23.424076,53.847818,Asia,0.888,"345,790",0.342,0.0099,
25,Hong Kong,2020,265,22.396428,114.109497,Asia,0.685,"353,476",0.265,0.0075,
20,Netherlands,2021,608,52.132633,5.291266,Europe,1.589,"354,832",0.608,0.0171,
10,Italy,2022,"2,168",41.87194,12.56738,Europe,5.701,"358,573",2.168,0.0605,
95,Macau,2022,24,22.198745,113.543873,Asia,0.050,"369,609",0.024,0.00065,
32,Austria,2019,335,47.516231,14.550072,Europe,0.870,"372,222",0.335,0.009,
20,Netherlands,2022,646,52.132633,5.291266,Europe,1.690,"377,009",0.646,0.0171,
9,Spain,2019,"1,779",40.463667,-3.74922,Europe,4.676,"380,496",1.779,0.0468,
28,Sweden,2019,386,60.128161,18.643501,Europe,1.004,"382,206",0.386,0.0101,
61,Qatar,2019,111,25.354826,51.183884,Asia,0.279,"385,276",0.111,0.0029,
41,Finland,2019,215,61.92411,25.748151,Europe,0.554,"388,036",0.215,0.0055,
32,Austria,2020,355,47.516231,14.550072,Europe,0.923,"394,444",0.355,0.009,
41,Finland,2020,224,61.92411,25.748151,Europe,0.577,"404,280",0.224,0.0055,
41,Finland,2021,224,61.92411,25.748151,Europe,0.577,"404,280",0.224,0.0055,
32,Austria,2021,366,47.516231,14.550072,Europe,0.952,"406,667",0.366,0.009,
15,Taiwan,2019,969,23.69781,120.960515,Asia,2.541,"406,856",0.969,0.0238,
45,Ireland,2019,201,53.41291,-8.24389,Europe,0.517,"407,065",0.201,0.0049,
38,Denmark,2022,237,56.26392,9.501785,Europe,0.611,"409,171",0.237,0.0058,
28,Sweden,2020,414,60.128161,18.643501,Europe,1.078,"409,931",0.414,0.0101,
9,Spain,2020,"1,918",40.463667,-3.74922,Europe,5.042,"410,225",1.918,0.0468,
45,Ireland,2022,205,53.41291,-8.24389,Europe,0.527,"415,166",0.205,0.0049,
32,Austria,2022,378,47.516231,14.550072,Europe,0.983,"420,000",0.378,0.009,
7,France,2019,"2,771",46.227638,2.213749,Europe,7.290,"424,521",2.771,0.0653,
38,Denmark,2019,246,56.26392,9.501785,Europe,0.635,"424,709",0.246,0.0058,
28,Sweden,2021,435,60.128161,18.643501,Europe,1.133,"430,724",0.435,0.0101,
15,Taiwan,2020,"1,030",23.69781,120.960515,Asia,2.702,"432,468",1.03,0.0238,
9,Spain,2021,"2,032",40.463667,-3.74922,Europe,5.343,"434,608",2.032,0.0468,
104,Iceland,2019,15,64.963051,-19.020835,Europe,0.026,"439,569",0.015,0.00034,
38,Denmark,2020,259,56.26392,9.501785,Europe,0.669,"447,153",0.259,0.0058,
24,Switzerland,2019,392,46.818188,8.227512,Europe,1.020,"452,937",0.392,0.0087,
7,France,2020,"2,977",46.227638,2.213749,Europe,7.833,"456,081",2.977,0.0653,
41,Finland,2022,253,61.92411,25.748151,Europe,0.654,"456,619",0.253,0.0055,
28,Sweden,2022,463,60.128161,18.643501,Europe,1.207,"458,449",0.463,0.0101,
38,Denmark,2021,269,56.26392,9.501785,Europe,0.696,"464,418",0.269,0.0058,
31,Israel,2022,402,31.046051,34.851612,Asia,1.046,"464,443",0.402,0.0087,
105,Brunei,2020,20,4.535277,114.727669,Asia,0.040,"465,116",0.02,0.00043,
104,Iceland,2020,16,64.963051,-19.020835,Europe,0.029,"468,874",0.016,0.00034,
9,Spain,2022,"2,202",40.463667,-3.74922,Europe,5.791,"470,968",2.202,0.0468,
24,Switzerland,2020,411,46.818188,8.227512,Europe,1.070,"474,891",0.411,0.0087,
14,Australia,2019,"1,207",-25.274398,133.775136,Oceania,3.168,"475,197",1.207,0.0254,
7,France,2021,"3,131",46.227638,2.213749,Europe,8.239,"479,674",3.131,0.0653,
8,Canada,2019,"1,842",56.130366,-106.346771,North America,4.842,"488,594",1.842,0.0377,
5,Germany,2019,"4,094",51.165691,10.451526,Europe,10.778,"488,638",4.094,0.0838,
14,Australia,2020,"1,242",-25.274398,133.775136,Oceania,3.260,"488,976",1.242,0.0254,
45,Ireland,2020,242,53.41291,-8.24389,Europe,0.625,"490,098",0.242,0.0049,
85,Luxembourg,2020,31,49.815273,6.129583,Europe,0.069,"495,225",0.031,0.00063,
24,Switzerland,2021,429,46.818188,8.227512,Europe,1.118,"495,689",0.429,0.0087,
14,Australia,2021,"1,269",-25.274398,133.775136,Oceania,3.332,"499,606",1.269,0.0254,
61,Qatar,2020,144,25.354826,51.183884,Asia,0.366,"499,817",0.144,0.0029,
25,Hong Kong,2021,381,22.396428,114.109497,Asia,0.991,"508,205",0.381,0.0075,
95,Macau,2020,33,22.198745,113.543873,Asia,0.074,"508,212",0.033,0.00065,
14,Australia,2022,"1,293",-25.274398,133.775136,Oceania,3.395,"509,055",1.293,0.0254,
7,France,2022,"3,366",46.227638,2.213749,Europe,8.859,"515,676",3.366,0.0653,
15,Taiwan,2022,"1,231",23.69781,120.960515,Asia,3.231,"516,863",1.231,0.0238,
8,Canada,2020,"1,968",56.130366,-106.346771,North America,5.174,"522,016",1.968,0.0377,
85,Luxembourg,2022,33,49.815273,6.129583,Europe,0.074,"527,175",0.033,0.00063,
104,Iceland,2021,18,64.963051,-19.020835,Europe,0.034,"527,483",0.018,0.00034,
5,Germany,2020,"4,430",51.165691,10.451526,Europe,11.663,"528,741",4.43,0.0838,
15,Taiwan,2021,"1,268",23.69781,120.960515,Asia,3.329,"532,398",1.268,0.0238,
45,Ireland,2021,266,53.41291,-8.24389,Europe,0.688,"538,703",0.266,0.0049,
37,Singapore,2019,316,1.352083,103.819836,Asia,0.820,"540,139",0.316,0.0059,
37,Singapore,2020,318,1.352083,103.819836,Asia,0.825,"543,558",0.318,0.0059,
37,Singapore,2022,319,1.352083,103.819836,Asia,0.828,"545,267",0.319,0.0059,
34,Norway,2019,299,60.472024,8.468946,Europe,0.775,"551,534",0.299,0.0054,
105,Brunei,2021,24,4.535277,114.727669,Asia,0.050,"558,140",0.024,0.00043,
85,Luxembourg,2019,35,49.815273,6.129583,Europe,0.079,"559,125",0.035,0.00063,
5,Germany,2021,"4,687",51.165691,10.451526,Europe,12.341,"559,415",4.687,0.0838,
37,Singapore,2021,330,1.352083,103.819836,Asia,0.857,"564,070",0.33,0.0059,
34,Norway,2020,306,60.472024,8.468946,Europe,0.793,"564,446",0.306,0.0054,
61,Qatar,2021,164,25.354826,51.183884,Asia,0.419,"569,236",0.164,0.0029,
6,United Kingdom,2019,"3,942",55.378051,-3.435973,Europe,10.377,"580,679",3.942,0.0679,
34,Norway,2021,317,60.472024,8.468946,Europe,0.822,"584,737",0.317,0.0054,
5,Germany,2022,"4,989",51.165691,10.451526,Europe,13.137,"595,460",4.989,0.0838,
8,Canada,2021,"2,303",56.130366,-106.346771,North America,6.057,"610,875",2.303,0.0377,
104,Iceland,2022,21,64.963051,-19.020835,Europe,0.042,"615,397",0.021,0.00034,
24,Switzerland,2022,537,46.818188,8.227512,Europe,1.402,"620,478",0.537,0.0087,
6,United Kingdom,2020,"4,238",55.378051,-3.435973,Europe,11.157,"624,282",4.238,0.0679,
105,Brunei,2022,27,4.535277,114.727669,Asia,0.058,"627,907",0.027,0.00043,
8,Canada,2022,"2,399",56.130366,-106.346771,North America,6.310,"636,340",2.399,0.0377,
34,Norway,2022,346,60.472024,8.468946,Europe,0.899,"638,230",0.346,0.0054,
6,United Kingdom,2021,"4,453",55.378051,-3.435973,Europe,11.724,"655,953",4.453,0.0679,
25,Hong Kong,2022,502,22.396428,114.109497,Asia,1.310,"669,603",0.502,0.0075,
6,United Kingdom,2022,"4,731",55.378051,-3.435973,Europe,12.457,"696,904",4.731,0.0679,
85,Luxembourg,2021,44,49.815273,6.129583,Europe,0.103,"702,900",0.044,0.00063,
2,United States,2019,"23,459",37.09024,-95.712891,North America,61.819,"708,725",23.459,0.3310,
4,South Korea,2019,"3,904",35.907757,127.766922,Asia,10.277,"761,471",3.904,0.0513,
2,United States,2020,"25,426",37.09024,-95.712891,North America,67.003,"768,151",25.426,0.3310,
4,South Korea,2020,"4,203",35.907757,127.766922,Asia,11.065,"819,791",4.203,0.0513,
2,United States,2021,"30,411",37.09024,-95.712891,North America,80.142,"918,754",30.411,0.3310,
2,United States,2022,"31,535",37.09024,-95.712891,North America,83.105,"952,711",31.535,0.3310,
3,Japan,2019,"12,432",36.204824,138.252924,Asia,32.754,"982,950",12.432,0.1265,
4,South Korea,2021,"5,647",35.907757,127.766922,Asia,14.871,"1,101,441",5.647,0.0513,
3,Japan,2020,"14,048",36.204824,138.252924,Asia,37.014,"1,110,721",14.048,0.1265,
4,South Korea,2022,"5,764",35.907757,127.766922,Asia,15.179,"1,124,262",5.764,0.0513,
3,Japan,2021,"17,715",36.204824,138.252924,Asia,46.679,"1,400,656",17.715,0.1265,
3,Japan,2022,"19,231",36.204824,138.252924,Asia,50.675,"1,520,520",19.231,0.1265,
